<?xml version="1.0" encoding="UTF-8"?>
<componentData>
  <component>
    <componentBaseName>3p/pointgreyflycapture.instrset</componentBaseName>
    <componentFileName>3p/pointgreyflycapture.instrset_win64_1542985954.zip</componentFileName>
    <componentName>3p/pointgreyflycapture.instrset_win64</componentName>
    <componentVersion>1542985954</componentVersion>
    <instrset>1</instrset>
    <locale />
    <locationId>1</locationId>
    <numFiles>1</numFiles>
    <platformList>
      <platform>win64</platform>
    </platformList>
    <releaseFamily>R2019a</releaseFamily>
    <size>1285</size>
    <type />
    <uncompressedBytes>2301</uncompressedBytes>
  </component>
</componentData>

