<?xml version="1.0" encoding="UTF-8"?>
<componentData>
  <component>
    <componentBaseName>hardwaresupportpkgs/testmeas/imaq_pointgrey</componentBaseName>
    <componentFileName>hardwaresupportpkgs/testmeas/imaq_pointgrey_win64_1550975959.zip</componentFileName>
    <componentName>hardwaresupportpkgs/testmeas/imaq_pointgrey_win64</componentName>
    <componentVersion>1550975959</componentVersion>
    <instrset>0</instrset>
    <locale />
    <locationId>1</locationId>
    <numFiles>2</numFiles>
    <platformList>
      <platform>win64</platform>
    </platformList>
    <releaseFamily>R2019a</releaseFamily>
    <size>119741</size>
    <type />
    <uncompressedBytes>361406</uncompressedBytes>
  </component>
</componentData>

