<?xml version="1.0" encoding="UTF-8"?>
<productAdditionalComps>
  <dependsOn>
    <component>
      <name>3p/pointgreyflycapture.instrset_win64</name>
      <instrset>1</instrset>
      <locale />
      <platformList>
        <platform>win64</platform>
      </platformList>
      <version>1542985954</version>
    </component>
    <component>
      <name>hardwaresupportpkgs/testmeas/imaq_pointgrey_win64</name>
      <instrset>0</instrset>
      <locale />
      <platformList>
        <platform>win64</platform>
      </platformList>
      <version>1550975959</version>
    </component>
  </dependsOn>
  <isControllingProduct>false</isControllingProduct>
  <licenseAgreementType>ASLA</licenseAgreementType>
  <platform>win64</platform>
  <productBaseCode>POINTGREY</productBaseCode>
  <productName>Image Acquisition Toolbox Support Package for Point Grey Hardware</productName>
  <productNumber>2052</productNumber>
  <productType>hardwareSupportPkg</productType>
  <productVersion>19.1.0</productVersion>
  <releaseDescription>R2019a</releaseDescription>
  <releaseFamily>R2019a</releaseFamily>
</productAdditionalComps>

