<?xml version="1.0" encoding="UTF-8"?>
<productAdditionalComps>
  <dependsOn>
    <component>
      <name>3p/pointgreyflycapture.instrset_win64</name>
      <instrset>1</instrset>
      <locale />
      <platformList>
        <platform>win64</platform>
      </platformList>
      <version>1535652734</version>
    </component>
    <component>
      <name>hardwaresupportpkgs/testmeas/imaq_pointgrey_win64</name>
      <instrset>0</instrset>
      <locale />
      <platformList>
        <platform>win64</platform>
      </platformList>
      <version>1535653644</version>
    </component>
  </dependsOn>
  <isControllingProduct>false</isControllingProduct>
  <licenseAgreementType>ASLA</licenseAgreementType>
  <platform>win64</platform>
  <productBaseCode>POINTGREY</productBaseCode>
  <productName>Image Acquisition Toolbox Support Package for Point Grey Hardware</productName>
  <productNumber>2052</productNumber>
  <productVersion>18.2.0</productVersion>
  <releaseDescription>R2018b</releaseDescription>
  <releaseFamily>R2018b</releaseFamily>
</productAdditionalComps>

