<?xml version="1.0" encoding="UTF-8"?>
<productData>
  <altDependencies>
    <product>
      <productBaseCode>IA</productBaseCode>
      <productName>Image Acquisition Toolbox</productName>
      <productNumber>78</productNumber>
      <productVersion>6.0</productVersion>
      <releaseDescription>R2019a</releaseDescription>
      <releaseFamily>R2019a</releaseFamily>
    </product>
  </altDependencies>
  <dependsOn>
    <component>
      <name>hardwaresupportpkgs/licenses/asla_license_common</name>
      <instrset>0</instrset>
      <locale />
      <platformList>
        <platform>glnxa64</platform>
        <platform>maci64</platform>
        <platform>win64</platform>
      </platformList>
      <version>1548709502</version>
    </component>
    <component>
      <name>hardwaresupportpkgs/testmeas/imaq_pointgrey_common</name>
      <instrset>0</instrset>
      <locale />
      <platformList>
        <platform>glnxa64</platform>
        <platform>maci64</platform>
        <platform>win64</platform>
      </platformList>
      <version>1543386093</version>
    </component>
  </dependsOn>
  <installerUsage>
    <usage>professional</usage>
  </installerUsage>
  <isControllingProduct>false</isControllingProduct>
  <licenseAgreementType>ASLA</licenseAgreementType>
  <platformList>
    <platform>win64</platform>
  </platformList>
  <productBaseCode>POINTGREY</productBaseCode>
  <productName>Image Acquisition Toolbox Support Package for Point Grey Hardware</productName>
  <productNumber>2052</productNumber>
  <productType>hardwareSupportPkg</productType>
  <productVersion>19.1.0</productVersion>
  <releaseDescription>R2019a</releaseDescription>
  <releaseFamily>R2019a</releaseFamily>
  <requiredProducts />
</productData>

