<?xml version="1.0" encoding="UTF-8"?>
<componentData>
  <component>
    <componentBaseName>hardwaresupportpkgs/testmeas/imaq_pointgrey</componentBaseName>
    <componentFileName>hardwaresupportpkgs/testmeas/imaq_pointgrey_common_1535653100.zip</componentFileName>
    <componentName>hardwaresupportpkgs/testmeas/imaq_pointgrey_common</componentName>
    <componentVersion>1535653100</componentVersion>
    <instrset>0</instrset>
    <locale />
    <locationId>1</locationId>
    <numFiles>8</numFiles>
    <platformList>
      <platform>glnxa64</platform>
      <platform>maci64</platform>
      <platform>win64</platform>
    </platformList>
    <releaseFamily>R2018b</releaseFamily>
    <size>5045</size>
    <type />
    <uncompressedBytes>4694</uncompressedBytes>
  </component>
</componentData>

